[1,["197eca518@6c48a"],["_textureSource"],["cc.SpriteFrame"],0,[[[{"name":"fangkuai1","rect":{"x":564,"y":499,"width":150,"height":150},"offset":{"x":0,"y":0},"originalSize":{"width":150,"height":150},"rotated":false,"capInsets":[25,25,25,25],"packable":true,"pixelsToUnit":100,"pivot":{"x":0.5,"y":0.5},"meshType":0}],[0],0,[0],[0],[0]],[[{"name":"7","rect":{"x":776,"y":785,"width":49,"height":48},"offset":{"x":0,"y":0},"originalSize":{"width":49,"height":48},"rotated":false,"capInsets":[0,0,0,0],"packable":true,"pixelsToUnit":100,"pivot":{"x":0.5,"y":0.5},"meshType":0}],[0],0,[0],[0],[0]],[[{"name":"10fangkuai","rect":{"x":930,"y":828,"width":90,"height":90},"offset":{"x":0,"y":0},"originalSize":{"width":90,"height":90},"rotated":false,"capInsets":[20,20,20,20],"packable":true,"pixelsToUnit":100,"pivot":{"x":0.5,"y":0.5},"meshType":0}],[0],0,[0],[0],[0]],[[{"name":"djk1","rect":{"x":848,"y":639,"width":183,"height":168},"offset":{"x":1.5,"y":9},"originalSize":{"width":186,"height":186},"rotated":true,"capInsets":[0,0,0,0],"packable":true,"pixelsToUnit":100,"pivot":{"x":0.5,"y":0.5},"meshType":0}],[0],0,[0],[0],[0]],[[{"name":"taidou2","rect":{"x":83,"y":882,"width":436,"height":134},"offset":{"x":-1,"y":0},"originalSize":{"width":440,"height":136},"rotated":false,"capInsets":[0,0,0,0],"packable":true,"pixelsToUnit":100,"pivot":{"x":0.5,"y":0.5},"meshType":0}],[0],0,[0],[0],[0]],[[{"name":"daojushuaxin","rect":{"x":776,"y":639,"width":65,"height":70},"offset":{"x":0,"y":0.5},"originalSize":{"width":67,"height":71},"rotated":false,"capInsets":[0,0,0,0],"packable":true,"pixelsToUnit":100,"pivot":{"x":0.5,"y":0.5},"meshType":0}],[0],0,[0],[0],[0]],[[{"name":"duihuakuanQ","rect":{"x":525,"y":882,"width":196,"height":133},"offset":{"x":0,"y":0.5},"originalSize":{"width":196,"height":134},"rotated":false,"capInsets":[75,30,70,63],"packable":true,"pixelsToUnit":100,"pivot":{"x":0.5,"y":0.5},"meshType":0}],[0],0,[0],[0],[0]],[[{"name":"lantaitou","rect":{"x":564,"y":3,"width":490,"height":157},"offset":{"x":0.5,"y":-1.5},"originalSize":{"width":499,"height":170},"rotated":true,"capInsets":[0,0,0,0],"packable":true,"pixelsToUnit":100,"pivot":{"x":0.5,"y":0.5},"meshType":0}],[0],0,[0],[0],[0]],[[{"name":"FKshitou","rect":{"x":776,"y":715,"width":64,"height":64},"offset":{"x":0,"y":0},"originalSize":{"width":64,"height":64},"rotated":false,"capInsets":[0,0,0,0],"packable":true,"pixelsToUnit":100,"pivot":{"x":0.5,"y":0.5},"meshType":0}],[0],0,[0],[0],[0]],[[{"name":"kuang2","rect":{"x":3,"y":3,"width":555,"height":873},"offset":{"x":0,"y":0.5},"originalSize":{"width":559,"height":874},"rotated":false,"capInsets":[0,0,0,0],"packable":true,"pixelsToUnit":100,"pivot":{"x":0.5,"y":0.5},"meshType":0}],[0],0,[0],[0],[0]],[[{"name":"tilixin","rect":{"x":727,"y":871,"width":132,"height":115},"offset":{"x":0,"y":0},"originalSize":{"width":132,"height":115},"rotated":true,"capInsets":[0,0,0,0],"packable":true,"pixelsToUnit":100,"pivot":{"x":0.5,"y":0.5},"meshType":0}],[0],0,[0],[0],[0]],[[{"name":"kuanhuawen2","rect":{"x":3,"y":882,"width":138,"height":74},"offset":{"x":0,"y":0},"originalSize":{"width":138,"height":74},"rotated":true,"capInsets":[10,10,10,10],"packable":true,"pixelsToUnit":100,"pivot":{"x":0.5,"y":0.5},"meshType":0}],[0],0,[0],[0],[0]],[[{"name":"fengxiang","rect":{"x":930,"y":924,"width":88,"height":90},"offset":{"x":0,"y":0.5},"originalSize":{"width":88,"height":91},"rotated":true,"capInsets":[0,0,0,0],"packable":true,"pixelsToUnit":100,"pivot":{"x":0.5,"y":0.5},"meshType":0}],[0],0,[0],[0],[0]],[[{"name":"anniu1","rect":{"x":564,"y":655,"width":210,"height":100},"offset":{"x":0,"y":0},"originalSize":{"width":210,"height":100},"rotated":true,"capInsets":[0,0,0,0],"packable":true,"pixelsToUnit":100,"pivot":{"x":0.5,"y":0.5},"meshType":0}],[0],0,[0],[0],[0]],[[{"name":"anniu2","rect":{"x":670,"y":655,"width":210,"height":100},"offset":{"x":0,"y":0},"originalSize":{"width":210,"height":100},"rotated":true,"capInsets":[0,0,0,0],"packable":true,"pixelsToUnit":100,"pivot":{"x":0.5,"y":0.5},"meshType":0}],[0],0,[0],[0],[0]],[[{"name":"yuananniu1","rect":{"x":848,"y":828,"width":185,"height":76},"offset":{"x":0,"y":0},"originalSize":{"width":187,"height":78},"rotated":true,"capInsets":[0,0,0,0],"packable":true,"pixelsToUnit":100,"pivot":{"x":0.5,"y":0.5},"meshType":0}],[0],0,[0],[0],[0]],[[{"name":"tuiqiang","rect":{"x":727,"y":3,"width":630,"height":286},"offset":{"x":0,"y":0},"originalSize":{"width":630,"height":286},"rotated":true,"capInsets":[0,0,0,0],"packable":true,"pixelsToUnit":100,"pivot":{"x":0.5,"y":0.5},"meshType":0}],[0],0,[0],[0],[0]]]]
