[1,["12c29843f@6c48a"],["_textureSource"],["cc.SpriteFrame"],0,[[[{"name":"yuan20changkuang","rect":{"x":989,"y":3,"width":700,"height":20},"offset":{"x":0,"y":0},"originalSize":{"width":700,"height":20},"rotated":true,"capInsets":[40,0,40,0],"packable":true,"pixelsToUnit":100,"pivot":{"x":0.5,"y":0.5},"meshType":0}],[0],0,[0],[0],[0]],[[{"name":"bg","rect":{"x":3,"y":3,"width":980,"height":1012},"offset":{"x":0,"y":0},"originalSize":{"width":980,"height":1012},"rotated":false,"capInsets":[0,0,0,0],"packable":true,"pixelsToUnit":100,"pivot":{"x":0.5,"y":0.5},"meshType":0}],[0],0,[0],[0],[0]]]]
