[1,["e4lvSE7TBASq6OexuoA/fE@f9941","6f5+nniNNDyqxi8mYSoysR@f9941","374aPnWYlFZJmMe63QVQco@f9941","0bpgu637ZJMK3daITGmofG@f9941","e4lvSE7TBASq6OexuoA/fE@6c48a"],["node","_spriteFrame","_cameraComponent","scene","_parent","_textureSource"],[["cc.Node",["_name","_layer","_id","_components","_lpos","_parent","_children"],0,9,5,1,2],["cc.Label",["_string","_actualFontSize","_fontSize","_lineHeight","_isItalic","_isBold","node"],-3,1],["cc.Sprite",["_sizeMode","node","_spriteFrame"],2,1,6],"cc.SpriteFrame",["cc.SceneAsset",["_name"],2],["cc.Node",["_name","_parent","_components","_lpos"],2,1,2,5],["cc.UITransform",["node","_contentSize"],3,1,5],["cc.Canvas",["node","_cameraComponent"],3,1,1],["cc.Widget",["_alignFlags","_top","_bottom","node"],0,1],["cd211bCCElHoKaJDQD4NQdT",["node"],3,1],["cc.Mask",["node"],3,1],["cc.Graphics",["node","_fillColor"],3,1,5],["cc.Scene",["_name","_children","_prefab","_globals"],2,2,4,4],["cc.PrefabInfo",["root","asset","fileId","instance","targetOverrides","nestedPrefabInstanceRoots"],-3],["cc.SceneGlobals",["ambient","shadows","_skybox","fog","octree","skin","lightProbeInfo","postSettings"],3,4,4,4,4,4,4,4,4],["cc.AmbientInfo",["_skyColorHDR","_groundAlbedoHDR"],3,5,5],["cc.ShadowsInfo",["_shadowColor","_size"],3,5,5],["cc.SkyboxInfo",[],3],["cc.FogInfo",[],3],["cc.OctreeInfo",[],3],["cc.SkinInfo",["_enabled"],2],["cc.LightProbeInfo",[],3],["cc.PostSettingsInfo",[],3],["cc.Camera",["_projection","_orthoHeight","_near","_visibility","node","_color"],-1,1,5]],[[6,0,1,1],[0,0,1,5,3,4,3],[2,0,1,2,2],[4,0,2],[0,0,1,2,6,3,4,4],[0,0,1,5,6,3,4,3],[0,0,5,6,3,4,2],[0,0,1,5,3,3],[5,0,1,2,3,2],[7,0,1,1],[8,0,1,2,3,4],[9,0,1],[10,0,1],[11,0,1,1],[1,0,1,2,3,6,5],[1,0,1,2,4,5,6,6],[2,1,2,1],[12,0,1,2,3,2],[13,0,1,2,3,4,5,7],[14,0,1,2,3,4,5,6,7,1],[15,0,1,1],[16,0,1,1],[17,1],[18,1],[19,1],[20,0,2],[21,1],[22,1],[23,0,1,2,3,4,5,5]],[[[[3,"jiazaichangjing"],[4,"Canvas",33554432,"beI88Z2HpFELqR4T5EMHpg",[-6,-7,-8,-9,-10,-11],[[0,-1,[5,750,1334]],[9,-3,-2],[10,45,5.684341886080802e-14,5.684341886080802e-14,-4],[11,-5]],[1,375,667,0]],[5,"遮罩_进度条",33554432,1,[-15],[[0,-12,[5,557,34]],[12,-13],[13,-14,[4,16777215]]],[1,0,-334.623,0]],[6,"游戏忠告",1,[-18],[[0,-16,[5,420,157.79999999999998]],[14,"《健康游戏忠告》\n抵制不良游戏，拒绝盗版游戏。\n注意自我保护，谨防受骗上当。\n适度游戏益脑，沉迷游戏伤身。\n合理安排时间，享受健康生活。",30,30,30,-17]],[1,-4.577,-582.951,0]],[7,"加载画面背景图",33554432,1,[[0,-19,[5,750,1664]],[2,0,-20,0]]],[1,"进度条",33554432,2,[[0,-21,[5,557,34]],[2,0,-22,1]],[1,-562,0,0]],[1,"文字游戏名",33554432,1,[[0,-23,[5,7.4394796496961515,50.4]],[15,"",35,35,true,true,-24]],[1,0,216.802,0]],[1,"适龄提示",33554432,3,[[0,-25,[5,100,131]],[2,0,-26,2]],[1,301.5,-8.426,0]],[1,"jiazaizhong",33554432,1,[[0,-27,[5,215,50]],[16,-28,3]],[1,0,24.491999999999962,0]],[17,"jiazaichangjing",[1],[18,null,null,"0b4e86dd-c615-48ef-9c59-93e185beab8c",null,null,null],[19,[20,[2,0,0,0,0.520833125],[2,0,0,0,0]],[21,[4,4283190348],[0,512,512]],[22],[23],[24],[25,false],[26],[27]]],[8,"Camera",1,[-29],[1,0,0,1000]],[28,0,900,0,1108344832,10,[4,4278190080]]],0,[0,0,1,0,2,11,0,0,1,0,0,1,0,0,1,0,-1,10,0,-2,4,0,-3,2,0,-4,6,0,-5,3,0,-6,8,0,0,2,0,0,2,0,0,2,0,-1,5,0,0,3,0,0,3,0,-1,7,0,0,4,0,0,4,0,0,5,0,0,5,0,0,6,0,0,6,0,0,7,0,0,7,0,0,8,0,0,8,0,-1,11,0,3,9,1,4,9,29],[0,0,0,0],[1,1,1,1],[0,1,2,3]],[[{"name":"msbg","rect":{"x":0,"y":0,"width":750,"height":1664},"offset":{"x":0,"y":0},"originalSize":{"width":750,"height":1664},"rotated":false,"capInsets":[0,0,0,0],"vertices":{"rawPosition":[-375,-832,0,375,-832,0,-375,832,0,375,832,0],"indexes":[0,1,2,2,1,3],"uv":[0,1664,750,1664,0,0,750,0],"nuv":[0,0,1,0,0,1,1,1],"minPos":{"x":-375,"y":-832,"z":0},"maxPos":{"x":375,"y":832,"z":0}},"packable":true,"pixelsToUnit":100,"pivot":{"x":0.5,"y":0.5},"meshType":0}],[3],0,[0],[5],[4]]]]
