[1,["16f1144d4@6c48a"],["_textureSource"],["cc.SpriteFrame"],0,[[[{"name":"zhuanshi","rect":{"x":888,"y":963,"width":54,"height":46},"offset":{"x":0,"y":1},"originalSize":{"width":58,"height":48},"rotated":false,"capInsets":[0,0,0,0],"packable":true,"pixelsToUnit":100,"pivot":{"x":0.5,"y":0.5},"meshType":0}],[0],0,[0],[0],[0]],[[{"name":"TP_jindutiao","rect":{"x":3,"y":963,"width":557,"height":34},"offset":{"x":0,"y":0},"originalSize":{"width":557,"height":34},"rotated":false,"capInsets":[0,0,0,0],"packable":true,"pixelsToUnit":100,"pivot":{"x":0.5,"y":0.5},"meshType":0}],[0],0,[0],[0],[0]],[[{"name":"san2","rect":{"x":3,"y":1003,"width":16,"height":541},"offset":{"x":0,"y":0},"originalSize":{"width":16,"height":541},"rotated":true,"capInsets":[0,0,0,0],"packable":true,"pixelsToUnit":100,"pivot":{"x":0.5,"y":0.5},"meshType":0}],[0],0,[0],[0],[0]],[[{"name":"8","rect":{"x":948,"y":963,"width":49,"height":50},"offset":{"x":0,"y":0},"originalSize":{"width":49,"height":50},"rotated":true,"capInsets":[0,0,0,0],"packable":true,"pixelsToUnit":100,"pivot":{"x":0.5,"y":0.5},"meshType":0}],[0],0,[0],[0],[0]],[[{"name":"san1","rect":{"x":989,"y":3,"width":20,"height":541},"offset":{"x":0,"y":0},"originalSize":{"width":20,"height":541},"rotated":false,"capInsets":[0,0,0,0],"packable":true,"pixelsToUnit":100,"pivot":{"x":0.5,"y":0.5},"meshType":0}],[0],0,[0],[0],[0]],[[{"name":"guanggao","rect":{"x":758,"y":963,"width":61,"height":53},"offset":{"x":0,"y":0},"originalSize":{"width":61,"height":53},"rotated":false,"capInsets":[0,0,0,0],"packable":true,"pixelsToUnit":100,"pivot":{"x":0.5,"y":0.5},"meshType":0}],[0],0,[0],[0],[0]],[[{"name":"hengyuan","rect":{"x":566,"y":963,"width":186,"height":46},"offset":{"x":0,"y":0},"originalSize":{"width":186,"height":46},"rotated":false,"capInsets":[25,0,25,0],"packable":true,"pixelsToUnit":100,"pivot":{"x":0.5,"y":0.5},"meshType":0}],[0],0,[0],[0],[0]],[[{"name":"shalou","rect":{"x":825,"y":963,"width":40,"height":57},"offset":{"x":0.5,"y":0},"originalSize":{"width":41,"height":57},"rotated":true,"capInsets":[0,0,0,0],"packable":true,"pixelsToUnit":100,"pivot":{"x":0.5,"y":0.5},"meshType":0}],[0],0,[0],[0],[0]],[[{"name":"guangquan3","rect":{"x":3,"y":3,"width":980,"height":954},"offset":{"x":10,"y":-23},"originalSize":{"width":1000,"height":1000},"rotated":false,"capInsets":[0,0,0,0],"packable":true,"pixelsToUnit":100,"pivot":{"x":0.5,"y":0.5},"meshType":0}],[0],0,[0],[0],[0]]]]
