[1,["1463ce9e7@6c48a"],["_textureSource"],["cc.SpriteFrame"],0,[[[{"name":"bbg","rect":{"x":669,"y":3,"width":628,"height":348},"offset":{"x":3,"y":22},"originalSize":{"width":658,"height":658},"rotated":true,"capInsets":[0,0,0,0],"packable":true,"pixelsToUnit":100,"pivot":{"x":0.5,"y":0.5},"meshType":0}],[0],0,[0],[0],[0]],[[{"name":"kuangboli","rect":{"x":3,"y":3,"width":660,"height":630},"offset":{"x":0,"y":0},"originalSize":{"width":660,"height":630},"rotated":false,"capInsets":[0,0,0,0],"packable":true,"pixelsToUnit":100,"pivot":{"x":0.5,"y":0.5},"meshType":0}],[0],0,[0],[0],[0]]]]
