[1,["0bpgu637ZJMK3daITGmofG@6c48a","0bpgu637ZJMK3daITGmofG@f9941"],["node","_textureSource","_cameraComponent","scene","_parent","_spriteFrame"],[["cc.Node",["_name","_layer","_id","_components","_children","_lpos","_parent"],0,9,2,5,1],"cc.SpriteFrame",["cc.SceneAsset",["_name"],2],["cc.Node",["_name","_parent","_components","_lpos"],2,1,2,5],["cc.UITransform",["node","_contentSize"],3,1,5],["cc.Canvas",["node","_cameraComponent"],3,1,1],["cc.Widget",["_alignFlags","_top","_bottom","node"],0,1],["8ab9eePv4VE8ZE8iRK1sjiJ",["node"],3,1],["cc.Sprite",["node","_spriteFrame"],3,1,6],["cc.Scene",["_name","_children","_globals"],2,2,4],["cc.SceneGlobals",["ambient","shadows","_skybox","fog","octree","skin","lightProbeInfo","postSettings"],3,4,4,4,4,4,4,4,4],["cc.AmbientInfo",["_skyColorHDR","_groundAlbedoHDR"],3,5,5],["cc.ShadowsInfo",["_shadowColor","_size"],3,5,5],["cc.SkyboxInfo",[],3],["cc.FogInfo",[],3],["cc.OctreeInfo",[],3],["cc.SkinInfo",["_enabled"],2],["cc.LightProbeInfo",[],3],["cc.PostSettingsInfo",[],3],["cc.Camera",["_projection","_orthoHeight","_near","_visibility","node","_color"],-1,1,5]],[[4,0,1,1],[2,0,2],[0,0,1,2,4,3,5,4],[0,0,1,6,3,3],[3,0,1,2,3,2],[5,0,1,1],[6,0,1,2,3,4],[7,0,1],[8,0,1,1],[9,0,1,2,2],[10,0,1,2,3,4,5,6,7,1],[11,0,1,1],[12,0,1,1],[13,1],[14,1],[15,1],[16,0,2],[17,1],[18,1],[19,0,1,2,3,4,5,5]],[[[{"name":"jiazaizhong","rect":{"x":0,"y":0,"width":215,"height":50},"offset":{"x":0,"y":0},"originalSize":{"width":215,"height":50},"rotated":false,"capInsets":[0,0,0,0],"vertices":{"rawPosition":[-107.5,-25,0,107.5,-25,0,-107.5,25,0,107.5,25,0],"indexes":[0,1,2,2,1,3],"uv":[0,50,215,50,0,0,215,0],"nuv":[0,0,1,0,0,1,1,1],"minPos":{"x":-107.5,"y":-25,"z":0},"maxPos":{"x":107.5,"y":25,"z":0}},"packable":true,"pixelsToUnit":100,"pivot":{"x":0.5,"y":0.5},"meshType":0}],[1],0,[0],[1],[0]],[[[1,"jinruchangjing"],[2,"Canvas",33554432,"beI88Z2HpFELqR4T5EMHpg",[-6,-7],[[0,-1,[5,1149,1535]],[5,-3,-2],[6,45,5.684341886080802e-14,5.684341886080802e-14,-4],[7,-5]],[1,574.5,767.5,0]],[3,"jiazaizhong",33554432,1,[[0,-8,[5,215,50]],[8,-9,0]]],[9,"jinruchangjing",[1],[10,[11,[2,0,0,0,0.520833125],[2,0,0,0,0]],[12,[4,4283190348],[0,512,512]],[13],[14],[15],[16,false],[17],[18]]],[4,"Camera",1,[-10],[1,0,0,1000]],[19,0,767.5,0,1108344832,4,[4,4278190080]]],0,[0,0,1,0,2,5,0,0,1,0,0,1,0,0,1,0,-1,4,0,-2,2,0,0,2,0,0,2,0,-1,5,0,3,3,1,4,3,10],[0],[5],[1]]]]
